<?xml version="1.0" encoding="UTF-8" standalone="yes"?>
<manifest>
  <control namespace="PCFControls" constructor="CircularProgressbarControl" version="0.0.3" display-name-key="CircularProgressbarControl_Display_Key" description-key="CircularProgressbarControl_Desc_Key" control-type="standard" api-version="1.1.0">
    <property name="progressbarProperty" display-name-key="Property_Display_Key" description-key="Property_Desc_Key" of-type="Whole.None" usage="bound" required="true"/>
    <resources>
      <code path="bundle.js" order="1"/>
      <css path="css/circular-progressbar.css" order="1"/>
    </resources>
    <built-by name="pac" version="0.3.4"/>
  </control>
</manifest>